company,vertical,location,why_they_fit,contact,phone,source_url,first_pitch_angle
Redding's Plumbing Heating & Air Conditioning,HVAC + Plumbing,Princeton NJ,"24 hour emergency service; strong fit for overnight AI triage and dispatch booking.",custserv@reddings.com,609-924-0166,https://www.reddings.com/contact-us/,"Your 24 hour emergency calls are exactly where an AI triage engine can save front-desk labor and capture jobs before competitors."
Princeton Air,HVAC + Plumbing + Electrical,Princeton Junction NJ,"24/7 emergency service; broad service mix; strong fit for autonomous intake and routing.",info@princetonair.com,609-799-3434,https://www.princetonair.com/contact/,"You already advertise 24/7 emergency service; the gap is making every after-hours lead qualify, route, and book instantly."
Six HVAC,HVAC,Princeton / Lawrence Township NJ,"Serves Hamilton Princeton West Windsor Lawrenceville; local contractor likely benefits from faster lead response.",sixhvac@gmail.com,609-743-7758,https://www.sixhvac.com/,"I can build a system that answers service requests, qualifies urgency, and books qualified calls while your team is in the field."
Connect Plumbing & HVAC,Plumbing + HVAC,Central NJ,"Residential and commercial; emergency calls; broad county coverage.",connectplumbingnj@gmail.com,732-610-6767,https://connectplumbing.com/contact/,"Your emergency call volume and multi-county coverage make automated intake/routing a direct labor and revenue play."
Danley 911 Home Services,HVAC + Plumbing + Electrical,Monroe NJ,"24/7 emergency service; Central NJ; branded around urgent home service.",Not public on crawled snippet,Not public on crawled snippet,https://danley911.com/contacts/,"Your 911-style positioning should have an instant digital dispatcher that turns urgent site visits into booked jobs."
The Perfect Plate NJ,Catering,Fords / Central NJ,"Corporate events and consultations; fit for fast proposal generation.",info@theperfectplate-nj.com,732-996-6263,https://www.theperfectplate-nj.com/,"Corporate planners book whoever responds fastest with a concrete proposal; I can automate quote intake and proposal delivery."
Pure Flavors Catering,Catering,Central NJ,"Corporate lunches and event catering; serving Plainsboro/Princeton area.",Not public on crawled snippet,Not public on crawled snippet,https://pureflavorsnj.com/,"Your catering leads can be converted faster with a visual intake form that prices guest count, menu, and delivery details immediately."
Elite Catering Service,Catering,Central NJ,"Corporate events and custom quotes; likely quote-response bottleneck.",Not public on crawled snippet,Not public on crawled snippet,https://elitecateringservices.net/,"I can turn your catering inquiry process into a fast proposal pipeline that sends planners a polished quote link automatically."
Caddyshack Bar & Grill,Catering / Restaurant,Plainsboro NJ,"Local Plainsboro business with catering service; exact local-market fit.",Not public on crawled snippet,Not public on crawled snippet,https://plainsborocaddyshack.com/,"Your catering page can become a lead engine that captures event details and routes high-value inquiries instantly."
Superior Plumbing and HVAC,HVAC + Plumbing,Central/Northern NJ,"Emergency HVAC and plumbing; 24-hour working hours.",qualityplumbingandhvac@gmail.com,201-468-3998,https://www.superiorplumbingandhvac.com/contact,"Emergency service companies lose money when inquiries wait; an AI triage/booking layer can convert more urgent calls."
Dion's Plumbing & Heating,Plumbing + Heating,Scotch Plains / Westfield NJ,"24/7 emergency support and office-only email response window; ideal after-hours triage pitch.",dionsplumbing2@gmail.com,908-928-9228,https://www.dionsplumbing.com/contact,"Your site says not to email for emergency repairs because emails are handled during office hours; an AI triage layer can close that exact gap."
PFO Heating & Air Conditioning,HVAC,Hamilton NJ,"24/7 emergency service and customer service form; strong fit for instant qualification and routing.",info@princetonfuel.com,800-253-9001,https://www.princetonfuel.com/contact-us/,"You already support 24/7 emergencies; the opportunity is making the website qualify and route those requests instantly."
Burris Plumbing & Mechanical,Plumbing + HVAC,NJ / Philadelphia region,"24/7 emergency service and NJ phone line; high urgency service profile.",burrisplumbing@yahoo.com,856-281-3080,https://burrisplumbingmechanical.com/contact/,"Your 24/7 service model can be supported by an autonomous intake engine that classifies and routes emergency requests."
Alexander Plumbing Heating & Air Conditioning,Plumbing + HVAC,North Brunswick / Princeton NJ,"24/7 emergency service; residential commercial industrial; covers Princeton area.",kalexander@alexplumbing.com,732-422-2424,https://alexanderplumbingheatingandcooling.com/contact-us-now/,"A $10K AI intake website can turn after-hours service demand into qualified booked calls instead of manual form follow-up."
Olives of Princeton,Catering,Princeton NJ,"Office and corporate catering; published catering quote flow and email.",olivesprinceton@hotmail.com,609-921-1569,https://olivesprinceton.com/catering/,"Corporate catering buyers move fast; an automated quote intake/proposal system can turn office catering inquiries into concrete proposals in minutes."
Princeton University Catering,Catering / Institutional,Princeton NJ,"Institutional catering email; high-volume proposal and menu coordination environment.",catering@princeton.edu,Not public on crawled snippet,https://dining.princeton.edu/,"Institutional catering workflows depend on fast structured intake; a proposal/intake engine can standardize requests before staff review."
Atlantic Plumbing Heating & Cooling,Plumbing + HVAC,Clifton / NJ,"24/7 emergency plumbing and HVAC; public email.",info@atlantic-heatingcooling.com,Not public on crawled snippet,https://atlantic-heatingcooling.com/contact-us/,"Emergency plumbing/HVAC businesses benefit when the website qualifies urgency and captures jobs before the phone is answered."
Reynolds Plumbing,Plumbing,Cranford NJ,"24/7 emergency service; public email.",info@reynolds-plumbing.net,Not public on crawled snippet,https://www.reynolds-plumbing.com/contact-us,"Your emergency service page can become an intake system that pre-qualifies urgent leads and routes them immediately."
H. Hofmeister & Co.,Plumbing + HVAC,Westwood / Bergen County NJ,"24/7 emergency response, bilingual team, public email.",hofmeisterplumbing@gmail.com,201-666-1118,https://www.hhofmeisterplumbing.com/contact,"Your bilingual emergency service model is a fit for automated intake that collects details and routes jobs before staff review."
